id,post_id,date
1,189,2024-05-26 16:11:34
2,281,2024-05-30 09:24:07
3,298,2024-05-20 18:43:32
4,247,2024-06-06 04:24:44
5,195,2024-05-22 10:26:02
6,61,2024-05-27 16:10:42
7,122,2024-06-08 16:05:25
8,70,2024-05-20 19:55:06
9,212,2024-05-26 17:45:15
10,249,2024-06-06 19:36:22
11,217,2024-06-03 15:45:07
12,39,2024-06-04 20:27:04
13,171,2024-05-27 15:04:16
14,86,2024-05-24 22:57:33
15,110,2024-05-21 09:49:52
16,236,2024-05-31 21:25:18
17,243,2024-05-27 01:25:08
18,241,2024-05-21 00:24:12
19,127,2024-06-07 19:01:20
21,19,2024-06-09 02:12:55
22,235,2024-06-07 17:53:34
23,211,2024-05-26 18:57:20
25,288,2024-05-31 10:12:13
26,112,2024-06-07 04:36:51
27,47,2024-06-10 03:30:47
28,109,2024-06-09 15:49:29
29,68,2024-06-03 17:13:47
30,57,2024-05-27 12:05:26
32,248,2024-06-07 12:27:44
33,115,2024-05-27 15:09:56
34,279,2024-06-08 07:54:11
36,103,2024-05-25 01:04:04
37,208,2024-06-01 09:03:02
38,83,2024-06-02 19:29:56
39,237,2024-05-23 09:59:06
40,82,2024-06-06 03:59:56
42,149,2024-06-09 21:08:25
43,219,2024-05-29 14:39:03
44,166,2024-05-26 02:20:06
46,80,2024-06-07 16:01:18
47,71,2024-05-31 18:30:23
49,173,2024-06-02 12:31:39
50,60,2024-05-22 19:25:06
51,65,2024-06-06 11:57:28
53,206,2024-05-29 02:01:19
54,181,2024-06-01 21:21:45
58,296,2024-05-25 13:44:07
59,291,2024-05-25 10:19:06
60,76,2024-06-06 18:32:42
61,89,2024-05-23 22:36:37
63,168,2024-05-23 04:50:08
64,100,2024-06-07 15:17:46
65,28,2024-05-21 22:11:44
66,262,2024-05-23 06:58:09
67,44,2024-06-01 03:45:21
69,228,2024-06-03 17:25:09
70,27,2024-05-21 14:19:24
74,105,2024-06-08 14:56:47
75,34,2024-06-04 15:40:47
76,184,2024-06-07 10:02:45
79,233,2024-06-02 16:30:41
80,99,2024-05-28 07:56:35
85,1,2024-05-23 07:44:11
86,250,2024-06-06 03:18:18
91,25,2024-05-21 03:39:33
92,162,2024-05-28 18:20:04
93,280,2024-06-01 17:56:54
95,182,2024-06-08 11:50:58
96,137,2024-05-31 14:44:06
99,274,2024-05-22 21:54:33
100,152,2024-06-05 00:50:16
101,159,2024-06-01 04:07:42
102,202,2024-06-02 20:12:53
104,123,2024-06-03 06:28:47
106,224,2024-05-26 07:11:40
110,50,2024-05-30 00:03:15
111,90,2024-06-08 22:17:38
116,197,2024-05-29 14:17:46
118,2,2024-06-05 18:39:38
119,6,2024-05-21 09:51:36
121,175,2024-06-06 09:29:38
123,23,2024-05-28 11:32:54
125,170,2024-06-03 01:34:52
126,275,2024-05-23 02:13:11
130,218,2024-06-09 17:02:17
132,278,2024-05-24 17:37:14
133,207,2024-06-06 06:25:36
137,13,2024-06-05 03:35:56
138,213,2024-05-29 10:02:10
139,245,2024-05-21 03:52:30
140,145,2024-05-26 01:17:09
141,141,2024-06-09 14:53:17
143,223,2024-05-28 13:15:51
146,185,2024-06-07 21:51:45
147,154,2024-05-29 01:26:54
150,276,2024-05-25 12:57:42
151,192,2024-05-26 13:09:22
152,222,2024-06-09 13:14:42
154,205,2024-06-05 19:13:50
156,52,2024-06-07 00:37:20
157,244,2024-06-01 22:34:14
158,33,2024-06-03 20:44:13
159,246,2024-06-02 13:43:11
161,75,2024-05-21 02:04:42
167,15,2024-05-22 20:11:42
172,299,2024-06-07 04:44:16
173,38,2024-06-02 19:52:35
176,292,2024-06-02 01:08:34
185,188,2024-05-25 01:03:43
186,104,2024-05-23 07:03:43
187,198,2024-06-08 13:28:29
192,242,2024-05-29 16:26:27
196,45,2024-05-23 11:11:09
197,277,2024-06-10 08:03:26
198,165,2024-05-29 20:32:17
206,92,2024-05-28 22:17:10
208,257,2024-06-04 14:35:10
210,253,2024-06-04 20:29:59
212,16,2024-06-01 00:10:11
218,183,2024-06-09 18:59:50
222,193,2024-06-03 14:37:39
226,289,2024-05-21 05:23:21
229,174,2024-05-30 00:47:19
230,136,2024-05-21 13:24:48
247,111,2024-05-26 06:46:44
248,143,2024-06-06 23:22:42
263,221,2024-06-04 20:07:24
289,155,2024-05-31 17:07:30
299,227,2024-06-03 03:33:39
